<?xml version="1.0" encoding="UTF-8"?>
<project-private xmlns="http://www.netbeans.org/ns/project-private/1">
    <editor-bookmarks xmlns="http://www.netbeans.org/ns/editor-bookmarks/2" lastBookmarkId="0"/>
    <open-files xmlns="http://www.netbeans.org/ns/projectui-open-files/2">
        <group>
            <file>file:/C:/Users/Rim/Documents/NetBeansProjects/Hopital/src/Modele/Hopital.java</file>
            <file>file:/C:/Users/Rim/Documents/NetBeansProjects/Hopital/src/Controleur/TestHopital.java</file>
            <file>file:/C:/Users/Rim/Documents/NetBeansProjects/Hopital/src/Controleur/SSHTunnel.java</file>
            <file>file:/C:/Users/Rim/Documents/NetBeansProjects/Hopital/src/Vue/HopitalVue.java</file>
            <file>file:/C:/Users/Rim/Documents/NetBeansProjects/Hopital/src/Controleur/Connexion.java</file>
        </group>
    </open-files>
</project-private>
